orgId,registrationId,material,year
61027,aaa000000000000000061027,Wood,9050
61036,aaa000000000000000061036,Plastic,9052
61023,aaa000000000000000061023,Glass,9050
61081,aaa000000000000000061081,Aluminium,9052
61038,aaa000000000000000061038,Steel,9050
61048,aaa000000000000000061048,Wood,9052
61009,aaa000000000000000061009,Glass,9050
61073,aaa000000000000000061073,Steel,9051
61019,aaa000000000000000061019,Paper,9050
61062,aaa000000000000000061062,Wood,9052
61096,aaa000000000000000061096,Paper,9052
61041,aaa000000000000000061041,Wood,9050
61092,aaa000000000000000061092,Plastic,9052
61072,aaa000000000000000061072,Glass,9052
61069,aaa000000000000000061069,Wood,9051
61069,aaa000000000000000061069,Wood,9052
61100,aaa000000000000000061100,Glass,9051
61066,aaa000000000000000061066,Steel,9052
61029,aaa000000000000000061029,Plastic,9052
61021,aaa000000000000000061021,Fibre,9050
61078,aaa000000000000000061078,Plastic,9050
61006,aaa000000000000000061006,Wood,9052
61058,aaa000000000000000061058,Glass,9050
61020,aaa000000000000000061020,Wood,9052
61034,aaa000000000000000061034,Wood,9052
61078,aaa000000000000000061078,Plastic,9051
61088,aaa000000000000000061088,Aluminium,9052
61012,aaa000000000000000061012,Paper,9052
61013,aaa000000000000000061013,Wood,9051
61001,aaa000000000000000061001,Plastic,9050
61017,aaa000000000000000061017,Steel,9051
61064,aaa000000000000000061064,Plastic,9052
61028,aaa000000000000000061028,Fibre,9052
61073,aaa000000000000000061073,Steel,9052
61010,aaa000000000000000061010,Steel,9051
61012,aaa000000000000000061012,Paper,9050
61094,aaa000000000000000061094,Steel,9050
61053,aaa000000000000000061053,Aluminium,9052
61036,aaa000000000000000061036,Plastic,9050
61031,aaa000000000000000061031,Steel,9052
61005,aaa000000000000000061005,Paper,9052
61038,aaa000000000000000061038,Steel,9052
61064,aaa000000000000000061064,Plastic,9051
61095,aaa000000000000000061095,Aluminium,9050
61090,aaa000000000000000061090,Wood,9052
61079,aaa000000000000000061079,Glass,9051
61035,aaa000000000000000061035,Fibre,9052
61084,aaa000000000000000061084,Fibre,9050
61023,aaa000000000000000061023,Glass,9051
61067,aaa000000000000000061067,Aluminium,9052
61087,aaa000000000000000061087,Steel,9052
61039,aaa000000000000000061039,Aluminium,9052
61067,aaa000000000000000061067,Aluminium,9050
61061,aaa000000000000000061061,Paper,9050
61042,aaa000000000000000061042,Fibre,9052
61020,aaa000000000000000061020,Wood,9051
61075,aaa000000000000000061075,Paper,9050
61072,aaa000000000000000061072,Glass,9050
61008,aaa000000000000000061008,Plastic,9051
61074,aaa000000000000000061074,Aluminium,9050
61033,aaa000000000000000061033,Paper,9052
61038,aaa000000000000000061038,Steel,9051
61028,aaa000000000000000061028,Fibre,9051
61088,aaa000000000000000061088,Aluminium,9051
61002,aaa000000000000000061002,Glass,9050
61020,aaa000000000000000061020,Wood,9050
61086,aaa000000000000000061086,Glass,9051
61099,aaa000000000000000061099,Plastic,9051
61074,aaa000000000000000061074,Aluminium,9052
61096,aaa000000000000000061096,Paper,9051
61022,aaa000000000000000061022,Plastic,9051
61022,aaa000000000000000061022,Plastic,9050
61065,aaa000000000000000061065,Glass,9052
61050,aaa000000000000000061050,Plastic,9050
61034,aaa000000000000000061034,Wood,9051
61025,aaa000000000000000061025,Aluminium,9052
61033,aaa000000000000000061033,Paper,9051
61025,aaa000000000000000061025,Aluminium,9051
61007,aaa000000000000000061007,Fibre,9051
61026,aaa000000000000000061026,Paper,9051
61026,aaa000000000000000061026,Paper,9052
61006,aaa000000000000000061006,Wood,9050
61030,aaa000000000000000061030,Glass,9050
61014,aaa000000000000000061014,Fibre,9051
61055,aaa000000000000000061055,Wood,9052
61078,aaa000000000000000061078,Plastic,9052
61082,aaa000000000000000061082,Paper,9051
61051,aaa000000000000000061051,Glass,9051
61054,aaa000000000000000061054,Paper,9051
61063,aaa000000000000000061063,Fibre,9051
61034,aaa000000000000000061034,Wood,9050
61052,aaa000000000000000061052,Steel,9050
61085,aaa000000000000000061085,Plastic,9051
61008,aaa000000000000000061008,Plastic,9050
61007,aaa000000000000000061007,Fibre,9050
61070,aaa000000000000000061070,Fibre,9050
61047,aaa000000000000000061047,Paper,9052
61050,aaa000000000000000061050,Plastic,9051
61083,aaa000000000000000061083,Wood,9051
61015,aaa000000000000000061015,Plastic,9052
61063,aaa000000000000000061063,Fibre,9052
61056,aaa000000000000000061056,Fibre,9050
61065,aaa000000000000000061065,Glass,9051
61003,aaa000000000000000061003,Steel,9052
61040,aaa000000000000000061040,Paper,9052
61011,aaa000000000000000061011,Aluminium,9050
61047,aaa000000000000000061047,Paper,9051
61044,aaa000000000000000061044,Glass,9051
61016,aaa000000000000000061016,Glass,9050
61070,aaa000000000000000061070,Fibre,9052
61058,aaa000000000000000061058,Glass,9051
61091,aaa000000000000000061091,Fibre,9051
61083,aaa000000000000000061083,Wood,9052
61037,aaa000000000000000061037,Glass,9050
61089,aaa000000000000000061089,Paper,9050
61049,aaa000000000000000061049,Fibre,9052
61029,aaa000000000000000061029,Plastic,9051
61032,aaa000000000000000061032,Aluminium,9052
61061,aaa000000000000000061061,Paper,9051
61096,aaa000000000000000061096,Paper,9050
61025,aaa000000000000000061025,Aluminium,9050
61070,aaa000000000000000061070,Fibre,9051
61059,aaa000000000000000061059,Steel,9051
61021,aaa000000000000000061021,Fibre,9052
61019,aaa000000000000000061019,Paper,9052
61076,aaa000000000000000061076,Wood,9051
61060,aaa000000000000000061060,Aluminium,9051
61016,aaa000000000000000061016,Glass,9052
61077,aaa000000000000000061077,Fibre,9051
61085,aaa000000000000000061085,Plastic,9052
61028,aaa000000000000000061028,Fibre,9050
61044,aaa000000000000000061044,Glass,9050
61019,aaa000000000000000061019,Paper,9051
61089,aaa000000000000000061089,Paper,9052
61014,aaa000000000000000061014,Fibre,9050
61082,aaa000000000000000061082,Paper,9050
61023,aaa000000000000000061023,Glass,9052
61035,aaa000000000000000061035,Fibre,9051
61092,aaa000000000000000061092,Plastic,9051
61032,aaa000000000000000061032,Aluminium,9050
61041,aaa000000000000000061041,Wood,9052
61094,aaa000000000000000061094,Steel,9052
61016,aaa000000000000000061016,Glass,9051
61017,aaa000000000000000061017,Steel,9050
61061,aaa000000000000000061061,Paper,9052
61084,aaa000000000000000061084,Fibre,9052
61053,aaa000000000000000061053,Aluminium,9050
61027,aaa000000000000000061027,Wood,9052
61063,aaa000000000000000061063,Fibre,9050
61048,aaa000000000000000061048,Wood,9051
61086,aaa000000000000000061086,Glass,9050
61046,aaa000000000000000061046,Aluminium,9051
61093,aaa000000000000000061093,Glass,9050
61012,aaa000000000000000061012,Paper,9051
61097,aaa000000000000000061097,Wood,9052
61052,aaa000000000000000061052,Steel,9052
61004,aaa000000000000000061004,Aluminium,9052
61001,aaa000000000000000061001,Plastic,9052
61087,aaa000000000000000061087,Steel,9051
61040,aaa000000000000000061040,Paper,9051
61077,aaa000000000000000061077,Fibre,9050
61068,aaa000000000000000061068,Paper,9052
61083,aaa000000000000000061083,Wood,9050
61091,aaa000000000000000061091,Fibre,9050
61099,aaa000000000000000061099,Plastic,9050
61010,aaa000000000000000061010,Steel,9050
61086,aaa000000000000000061086,Glass,9052
61081,aaa000000000000000061081,Aluminium,9051
61037,aaa000000000000000061037,Glass,9051
61002,aaa000000000000000061002,Glass,9052
61029,aaa000000000000000061029,Plastic,9050
61003,aaa000000000000000061003,Steel,9050
61003,aaa000000000000000061003,Steel,9051
61093,aaa000000000000000061093,Glass,9052
61013,aaa000000000000000061013,Wood,9050
61062,aaa000000000000000061062,Wood,9051
61059,aaa000000000000000061059,Steel,9052
61075,aaa000000000000000061075,Paper,9051
61066,aaa000000000000000061066,Steel,9051
61085,aaa000000000000000061085,Plastic,9050
61051,aaa000000000000000061051,Glass,9050
61100,aaa000000000000000061100,Glass,9050
61010,aaa000000000000000061010,Steel,9052
61097,aaa000000000000000061097,Wood,9050
61053,aaa000000000000000061053,Aluminium,9051
61048,aaa000000000000000061048,Wood,9050
61090,aaa000000000000000061090,Wood,9050
61091,aaa000000000000000061091,Fibre,9052
61080,aaa000000000000000061080,Steel,9050
61089,aaa000000000000000061089,Paper,9051
61017,aaa000000000000000061017,Steel,9052
61002,aaa000000000000000061002,Glass,9051
61095,aaa000000000000000061095,Aluminium,9052
61005,aaa000000000000000061005,Paper,9051
61045,aaa000000000000000061045,Steel,9050
61049,aaa000000000000000061049,Fibre,9050
61050,aaa000000000000000061050,Plastic,9052
61036,aaa000000000000000061036,Plastic,9051
61071,aaa000000000000000061071,Plastic,9050
61076,aaa000000000000000061076,Wood,9050
61080,aaa000000000000000061080,Steel,9051
61013,aaa000000000000000061013,Wood,9052
61069,aaa000000000000000061069,Wood,9050
61066,aaa000000000000000061066,Steel,9050
61033,aaa000000000000000061033,Paper,9050
61022,aaa000000000000000061022,Plastic,9052
61047,aaa000000000000000061047,Paper,9050
61093,aaa000000000000000061093,Glass,9051
61039,aaa000000000000000061039,Aluminium,9051
61015,aaa000000000000000061015,Plastic,9050
61058,aaa000000000000000061058,Glass,9052
61098,aaa000000000000000061098,Fibre,9050
61024,aaa000000000000000061024,Steel,9050
61098,aaa000000000000000061098,Fibre,9051
61049,aaa000000000000000061049,Fibre,9051
61046,aaa000000000000000061046,Aluminium,9050
61095,aaa000000000000000061095,Aluminium,9051
61015,aaa000000000000000061015,Plastic,9051
61079,aaa000000000000000061079,Glass,9050
61094,aaa000000000000000061094,Steel,9051
61092,aaa000000000000000061092,Plastic,9050
61007,aaa000000000000000061007,Fibre,9052
61090,aaa000000000000000061090,Wood,9051
61027,aaa000000000000000061027,Wood,9051
61055,aaa000000000000000061055,Wood,9050
61084,aaa000000000000000061084,Fibre,9051
61055,aaa000000000000000061055,Wood,9051
61018,aaa000000000000000061018,Aluminium,9051
61041,aaa000000000000000061041,Wood,9051
61075,aaa000000000000000061075,Paper,9052
61051,aaa000000000000000061051,Glass,9052
61068,aaa000000000000000061068,Paper,9051
61088,aaa000000000000000061088,Aluminium,9050
61021,aaa000000000000000061021,Fibre,9051
61035,aaa000000000000000061035,Fibre,9050
61009,aaa000000000000000061009,Glass,9052
61024,aaa000000000000000061024,Steel,9051
61011,aaa000000000000000061011,Aluminium,9052
61077,aaa000000000000000061077,Fibre,9052
61056,aaa000000000000000061056,Fibre,9052
61073,aaa000000000000000061073,Steel,9050
61045,aaa000000000000000061045,Steel,9052
61057,aaa000000000000000061057,Plastic,9051
61026,aaa000000000000000061026,Paper,9050
61044,aaa000000000000000061044,Glass,9052
61005,aaa000000000000000061005,Paper,9050
61060,aaa000000000000000061060,Aluminium,9050
61018,aaa000000000000000061018,Aluminium,9050
61067,aaa000000000000000061067,Aluminium,9051
61082,aaa000000000000000061082,Paper,9052
61037,aaa000000000000000061037,Glass,9052
61052,aaa000000000000000061052,Steel,9051
61024,aaa000000000000000061024,Steel,9052
61056,aaa000000000000000061056,Fibre,9051
61039,aaa000000000000000061039,Aluminium,9050
61046,aaa000000000000000061046,Aluminium,9052
61059,aaa000000000000000061059,Steel,9050
61043,aaa000000000000000061043,Plastic,9052
61068,aaa000000000000000061068,Paper,9050
61009,aaa000000000000000061009,Glass,9051
61065,aaa000000000000000061065,Glass,9050
61045,aaa000000000000000061045,Steel,9051
61043,aaa000000000000000061043,Plastic,9051
61011,aaa000000000000000061011,Aluminium,9051
61076,aaa000000000000000061076,Wood,9052
61030,aaa000000000000000061030,Glass,9052
61079,aaa000000000000000061079,Glass,9052
61060,aaa000000000000000061060,Aluminium,9052
61004,aaa000000000000000061004,Aluminium,9050
61001,aaa000000000000000061001,Plastic,9051
61006,aaa000000000000000061006,Wood,9051
61042,aaa000000000000000061042,Fibre,9051
61074,aaa000000000000000061074,Aluminium,9051
61064,aaa000000000000000061064,Plastic,9050
61030,aaa000000000000000061030,Glass,9051
61099,aaa000000000000000061099,Plastic,9052
61043,aaa000000000000000061043,Plastic,9050
61054,aaa000000000000000061054,Paper,9052
61042,aaa000000000000000061042,Fibre,9050
61031,aaa000000000000000061031,Steel,9050
61031,aaa000000000000000061031,Steel,9051
61080,aaa000000000000000061080,Steel,9052
61097,aaa000000000000000061097,Wood,9051
61071,aaa000000000000000061071,Plastic,9051
61081,aaa000000000000000061081,Aluminium,9050
61054,aaa000000000000000061054,Paper,9050
61040,aaa000000000000000061040,Paper,9050
61100,aaa000000000000000061100,Glass,9052
61057,aaa000000000000000061057,Plastic,9050
61032,aaa000000000000000061032,Aluminium,9051
61057,aaa000000000000000061057,Plastic,9052
61014,aaa000000000000000061014,Fibre,9052
61018,aaa000000000000000061018,Aluminium,9052
61062,aaa000000000000000061062,Wood,9050
61098,aaa000000000000000061098,Fibre,9052
61087,aaa000000000000000061087,Steel,9050
61071,aaa000000000000000061071,Plastic,9052
61008,aaa000000000000000061008,Plastic,9052
61004,aaa000000000000000061004,Aluminium,9051
61072,aaa000000000000000061072,Glass,9051
